<?xml version='1.0' encoding='UTF-8' ?>
<timeLogEntries>
  <time id="1" path="/DanielRamirez/T1_DanielRamirez/Planning" start="@1631400922579" delta="129" />
  <time id="2" path="/DanielRamirez/T1_DanielRamirez/Planning" start="@1631669137498" delta="130" />
  <time id="3" path="/DanielRamirez/T1_DanielRamirez/Planning" start="@1632329980094" delta="75" />
  <time id="4" path="/DanielRamirez/T1_DanielRamirez/Design" start="@1632334457486" delta="394" interrupt="23" />
  <time id="5" path="/DanielRamirez/T1_DanielRamirez/Design" start="@1632405367262" delta="18" />
  <time id="6" path="/DanielRamirez/T1_DanielRamirez/Design" start="@1632407065059" delta="89" />
  <time id="7" path="/DanielRamirez/T1_DanielRamirez/Code" start="@1632413010963" delta="71" />
  <time id="8" path="/DanielRamirez/T1_DanielRamirez/Code" start="@1632423538968" delta="187" />
  <time id="9" path="/DanielRamirez/T1_DanielRamirez/Code" start="@1632453070660" delta="69" />
  <time id="10" path="/DanielRamirez/T1_DanielRamirez/Code" start="@1632461317243" delta="120" />
  <time id="11" path="/DanielRamirez/T1_DanielRamirez/Code" start="@1632471704316" delta="161" />
  <time id="12" path="/DanielRamirez/T1_DanielRamirez/Code" start="@1632606134733" delta="54" />
  <time id="13" path="/DanielRamirez/T1_DanielRamirez/Code" start="@1632625714965" delta="30" />
  <time id="14" path="/DanielRamirez/T1_DanielRamirez/Code" start="@1632693844574" delta="318" />
  <time id="15" path="/DanielRamirez/T1_DanielRamirez/Code" start="@1632745830553" delta="271" />
  <time id="16" path="/DanielRamirez/T1_DanielRamirez/Code" start="@1632799195713" delta="147" />
  <time id="17" path="/DanielRamirez/T1_DanielRamirez/Code" start="@1632868745363" delta="40" />
  <time id="18" path="/DanielRamirez/T1_DanielRamirez/Test" start="@1632872727858" delta="277" interrupt="4" />
  <time id="19" path="/DanielRamirez/T12_DanielRamirez/TI2/Planning" start="@1634154119861" delta="19" />
  <time id="20" path="/DanielRamirez/T12_DanielRamirez/TI2/Planning" start="@1634229899742" delta="128" />
  <time id="20" path="/DanielRamirez/T12_DanielRamirez/TI2/Planning" start="@1634229899742" delta="64" />
  <time id="21" path="/DanielRamirez/T12_DanielRamirez/TI2/Planning" start="@1634440388885" delta="11" />
  <time id="22" path="/DanielRamirez/T12_DanielRamirez/TI2/Design" start="@1634751540955" delta="170" />
  <time id="23" path="/DanielRamirez/T12_DanielRamirez/TI2/Design" start="@1634778585326" delta="189" />
  <time id="24" path="/DanielRamirez/T12_DanielRamirez/TI2/Code" start="@1634789915000" delta="257" />
  <time id="25" path="/DanielRamirez/T12_DanielRamirez/TI2/Code" start="@1634867882214" delta="154" />
  <time id="26" path="/DanielRamirez/T12_DanielRamirez/TI2/Code" start="@1635193816193" delta="321" />
  <time id="27" path="/DanielRamirez/T12_DanielRamirez/TI2/Code" start="@1635225632792" delta="14" />
  <time id="28" path="/DanielRamirez/T12_DanielRamirez/TI2/Test" start="@1635226496758" delta="51" />
  <time id="29" path="/DanielRamirez/T12_DanielRamirez/TI2/Test" start="@1635295490755" delta="6" />
  <time id="30" path="/DanielRamirez/T12_DanielRamirez/TI2/Test" start="@1635295895271" delta="178" />
  <time id="31" path="/DanielRamirez/T12_DanielRamirez/TI2/Code" start="@1635306586297" delta="41" />
  <time id="32" path="/DanielRamirez/T12_DanielRamirez/TI2/Design" start="@1635456471129" delta="83" />
  <time id="33" path="/DanielRamirez/T12_DanielRamirez/TI2/Test" start="@1635645478295" delta="107" />
  <time id="34" path="/DanielRamirez/T12_DanielRamirez/TI2/Code" start="@1635709658531" delta="368" />
  <time id="35" path="/DanielRamirez/T12_DanielRamirez/TI2/Test" start="@1635746998796" delta="129" />
</timeLogEntries>
