<?xml version='1.0' encoding='UTF-8' ?>
<timeLogEntries>
  <time id="1" path="/new/Sebastian Navia/Planning" start="@1631669729474" delta="168" />
  <time id="2" path="/Non Project/Sebastian" start="@1632164776092" delta="130" />
  <time id="3" path="/Non Project/Sebastian" start="@1632183478023" delta="54" />
  <time id="4" path="/new/Sebastian Navia/Planning" start="@1632358067191" delta="176" />
  <time id="5" path="/new/Sebastian Navia/Design" start="@1632369182838" delta="40" />
  <time id="6" path="/new/Sebastian Navia/Design" start="@1632453073089" delta="106" />
  <time id="7" path="/new/Sebastian Navia/Design" start="@1632485497330" delta="91" />
  <time id="8" path="/new/Sebastian Navia/Code" start="@1632708161047" delta="225" />
  <time id="9" path="/new/Sebastian Navia/Code" start="@1632786075935" delta="347" />
  <time id="10" path="/new/Sebastian Navia/Code" start="@1632806928777" delta="408" />
  <time id="11" path="/new/Sebastian Navia/Test" start="@1632868881543" delta="181" />
  <time id="12" path="/new/Sebastian Navia/Code" start="@1632879724320" />
  <time id="13" path="/new/Sebastian Navia/Code" start="@1632879871159" delta="129" />
  <time id="14" path="/new/Ti2_Sebastian Navia/TI_2/Planning" start="@1634154120492" delta="11" />
  <time id="15" path="/new/Ti2_Sebastian Navia/TI_2/Planning" start="@1634154820661" delta="24" />
  <time id="16" path="/new/Ti2_Sebastian Navia/TI_2/Planning" start="@1634300039801" delta="5" />
  <time id="17" path="/new/Ti2_Sebastian Navia/TI_2/Design" start="@1634300333354" delta="77" />
  <time id="18" path="/new/Ti2_Sebastian Navia/TI_2/Design" start="@1634493370398" delta="243" />
  <time id="19" path="/new/Ti2_Sebastian Navia/TI_2/Code" start="@1634507928269" delta="105" />
  <time id="20" path="/new/Ti2_Sebastian Navia/TI_2/Code" start="@1635367868355" delta="262" />
  <time id="21" path="/new/Ti2_Sebastian Navia/TI_2/Test" start="@1635650695288" delta="107" />
</timeLogEntries>
