<?xml version='1.0' encoding='UTF-8' ?>
<timeLogEntries>
  <time id="1" path="/Brian Romero TI/Brian Romero TI/Planning" start="@1632596722902" delta="130" />
  <time id="2" path="/Brian Romero TI/Brian Romero TI/Code" start="@1632604551638" delta="326" interrupt="54" />
  <time id="3" path="/Brian Romero TI/Brian Romero TI/Code" start="@1632630615961" delta="48" />
  <time id="4" path="/Brian Romero TI/Brian Romero TI/Code" start="@1632638275189" delta="29" />
  <time id="5" path="/Brian Romero TI/Brian Romero TI/Code" start="@1632672079849" delta="439" />
  <time id="6" path="/Brian Romero TI/Brian Romero TI/Design" start="@1632698416062" delta="411" />
  <time id="7" path="/Brian Romero TI/Brian Romero TI/Planning" start="@1632761679027" delta="44" />
  <time id="8" path="/Brian Romero TI/Brian Romero TI/Code" start="@1632871237637" delta="155" />
  <time id="9" path="/Brian Romero TI/Brian Romero TI/Code" start="@1632881385619" delta="131" />
  <time id="10" path="/Brian Romero TI 2/Brian Romero TI 2/Planning" start="@1635605903307" delta="347" />
  <time id="11" path="/Brian Romero TI 2/Brian Romero TI 2/Design" start="@1635626729634" delta="155" />
  <time id="12" path="/Brian Romero TI 2/Brian Romero TI 2/Code" start="@1635636050216" delta="513" />
  <time id="13" path="/Brian Romero TI 2/Brian Romero TI 2/Code" start="@1635719094065" delta="218" />
  <time id="14" path="/Brian Romero TI 2/Brian Romero TI 2/Test" start="@1635732157532" delta="243" />
  <time id="15" path="/Brian Romero TI 2/Brian Romero TI 2/Code" start="@1635746740328" delta="75" />
</timeLogEntries>
